{
  "Introduction": {
    "Background": {
      "text": "Two British attempts at establishing the island as a penal colony (1788-1814 and 1825-55) were ultimately abandoned. In 1856, the island was resettled by Pitcairn Islanders, descendants of the Bounty mutineers and their Tahitian companions."
    }
  },
  "Geography": {
    "Location": {
      "text": "Oceania, island in the South Pacific Ocean, east of Australia"
    },
    "Geographic coordinates": {
      "text": "29 02 S, 167 57 E"
    },
    "Map references": {
      "text": "Oceania"
    },
    "Area": {
      "total": {
        "text": "36 sq km"
      },
      "land": {
        "text": "36 sq km"
      },
      "water": {
        "text": "0 sq km"
      }
    },
    "Area - comparative": {
      "text": "about 0.2 times the size of Washington, DC"
    },
    "Land boundaries": {
      "text": "0 km"
    },
    "Coastline": {
      "text": "32 km"
    },
    "Maritime claims": {
      "territorial sea": {
        "text": "12 nm"
      },
      "exclusive fishing zone": {
        "text": "200 nm"
      }
    },
    "Climate": {
      "text": "subtropical; mild, little seasonal temperature variation"
    },
    "Terrain": {
      "text": "volcanic island with mostly rolling plains"
    },
    "Elevation": {
      "mean elevation": {
        "text": "NA"
      },
      "elevation extremes": {
        "text": "lowest point: Pacific Ocean 0 m ++ highest point: Mount Bates 319 m"
      }
    },
    "Natural resources": {
      "text": "fish"
    },
    "Land use": {
      "agricultural land": {
        "text": "25% ++ arable land 0%; permanent crops 0%; permanent pasture 25%"
      },
      "forest": {
        "text": "11.5%"
      },
      "other": {
        "text": "63.5% (2011 est.)"
      }
    },
    "Irrigated land": {
      "text": "0 sq km (2012)"
    },
    "Natural hazards": {
      "text": "typhoons (especially May to July)"
    },
    "Environment - current issues": {
      "text": "NA"
    },
    "Geography - note": {
      "text": "most of the 32 km coastline consists of almost inaccessible cliffs, but the land slopes down to the sea in one small southern area on Sydney Bay, where the capital of Kingston is situated"
    }
  },
  "People and Society": {
    "Population": {
      "text": "2,210 (July 2014 est.)"
    },
    "Nationality": {
      "noun": {
        "text": "Norfolk Islander(s)"
      },
      "adjective": {
        "text": "Norfolk Islander(s)"
      }
    },
    "Ethnic groups": {
      "text": "Australian 79.5%, New Zealander 13.3%, Fijian 2.5%, Filipino 1.1%, English 1%, other 1.8%, unspecified 0.8% (2011 est.)"
    },
    "Languages": {
      "text": "English (official) 67.6%, other 32.4% (includes Norfolk Island 23.7%, which is a mixture of 18th century English and ancient Tahitian) (2011 est.)"
    },
    "Religions": {
      "text": "Protestant 49.6% (Anglican 31.8%, Uniting Church in Australia 10.6%, Seventh Day Adventist 3.2%), Roman Catholic 11.7%, other 8.6%, none 23.5%, unspecified 6.6% (2011 est.)"
    },
    "Population growth rate": {
      "text": "0.01% (2014 est.)"
    },
    "Sex ratio": {
      "text": "NA"
    },
    "Infant mortality rate": {
      "total": {
        "text": "NA"
      },
      "male": {
        "text": "NA"
      },
      "female": {
        "text": "NA"
      }
    },
    "Life expectancy at birth": {
      "total population": {
        "text": "NA"
      },
      "male": {
        "text": "NA"
      },
      "female": {
        "text": "NA"
      }
    },
    "Total fertility rate": {
      "text": "NA"
    },
    "HIV/AIDS - adult prevalence rate": {
      "text": "NA"
    },
    "HIV/AIDS - people living with HIV/AIDS": {
      "text": "NA"
    },
    "HIV/AIDS - deaths": {
      "text": "NA"
    }
  },
  "Government": {
    "Country name": {
      "conventional long form": {
        "text": "Territory of Norfolk Island"
      },
      "conventional short form": {
        "text": "Norfolk Island"
      },
      "etymology": {
        "text": "named by British explorer Captain James COOK after Mary HOWARD, Duchess of Norfolk, in 1774"
      }
    },
    "Dependency status": {
      "text": "self-governing territory of Australia; administered from Canberra by the Department of Regional Australia, Local Government, Arts and Sport"
    },
    "Government type": {
      "text": "parliamentary democracy (formerly the Legislative Assembly); overseas territory of Australia; note - in May 2015, the Australian Parliament passed the Norfolk Island Legislation Amendment Bill 2015 which abolished Norfolk Island self-government and replaced it with an interim Advisory Council effective 1 July 2015"
    },
    "Capital": {
      "name": {
        "text": "Kingston"
      },
      "geographic coordinates": {
        "text": "29 03 S, 167 58 E"
      },
      "time difference": {
        "text": "UTC+11 (16 hours ahead of Washington, DC, during Standard Time)"
      }
    },
    "Administrative divisions": {
      "text": "none (territory of Australia)"
    },
    "Independence": {
      "text": "none (territory of Australia)"
    },
    "National holiday": {
      "text": "Bounty Day (commemorates the arrival of Pitcairn Islanders), 8 June (1856)"
    },
    "Constitution": {
      "text": "previous 1913, 1957; latest effective 7 August 1979; amended many times, last in 2015 (2016)"
    },
    "Legal system": {
      "text": "English common law and the laws of Australia"
    },
    "Citizenship": {
      "text": "see Australia"
    },
    "Suffrage": {
      "text": "18 years of age; universal"
    },
    "Executive branch": {
      "chief of state": {
        "text": "Queen ELIZABETH II (since 6 February 1952); represented by the Australian governor general"
      },
      "head of government": {
        "text": "Administrator Gary HARDGRAVE (since 1 July 2014)"
      },
      "cabinet": {
        "text": "Executive Council consists of 4 Legislative Assembly members"
      },
      "elections/appointments": {
        "text": "the monarchy is hereditary; governor general appointed by the monarch; administrator appointed by the governor general of Australia for a 2-year term and represents the monarch and Australia"
      }
    },
    "Legislative branch": {
      "description": {
        "text": "unicameral Norfolk Island Regional Council (5 seats; members directly elected by simple majority vote to serve 4-year terms)"
      },
      "elections": {
        "text": "elections last held 28 May 2016; next to be held 2020"
      },
      "election results": {
        "text": "party by seats - independents 5"
      },
      "note": {
        "text": "following an administrative restructuring of local government, the Legislative Assembly was dissolved on 18 June 2015 to be replaced by an interim Norfolk Island Advisory Council effective 1 July 2015; the Advisory Council consisted of 5 members appointed by the Norfolk Island administrator based on nominations from the community; following elections on 28 May 2016, the new Norfolk Island Regional Council commenced operations on 1 July 2016"
      }
    },
    "Judicial branch": {
      "highest court(s)": {
        "text": "Supreme Court of Norfolk Island (consists of the chief justice and several justices); note - appeals beyond the Supreme Court of Norfolk Island are heard by the Federal Court and the High Court of Australia"
      },
      "judge selection and term of office": {
        "text": "justices appointed by the governor general of Australia from among justices of the Federal Court of Australia; justices serve until mandatory retirement at age 70"
      },
      "subordinate courts": {
        "text": "Petty Court of Sessions; specialized courts including a Coroner's Court and the Employment Tribunal"
      }
    },
    "Political parties and leaders": {
      "text": "Norfolk Island Labor Party [Mike KELLY] ++ Norfolk Liberals [John BROWN]"
    },
    "Political pressure groups and leaders": {
      "text": "none"
    },
    "International organization participation": {
      "text": "UPU"
    },
    "Diplomatic representation in the US": {
      "text": "none (territory of Australia)"
    },
    "Diplomatic representation from the US": {
      "text": "none (territory of Australia)"
    },
    "Flag description": {
      "text": "three vertical bands of green (hoist side), white, and green with a large green Norfolk Island pine tree centered in the slightly wider white band; green stands for the rich vegetation on the island, and the pine tree - endemic to the island - is a symbol of Norfolk Island",
      "note": {
        "text": "somewhat reminiscent of the flag of Canada with its use of only two colors and depiction of a prominent local floral symbol in the central white band; also resembles the green and white triband of Nigeria"
      }
    },
    "National symbol(s)": {
      "text": "Norfolk Island pine"
    },
    "National anthem": {
      "name": {
        "text": "\"Come Ye Blessed\""
      },
      "lyrics/music": {
        "text": "New Testament/John Prindle SCOTT"
      },
      "note": {
        "text": "the local anthem, whose lyrics consist of the words from Matthew 25:34-36, 40, is also known as \"The Pitcairn Anthem;\" as a territory of Australia, \"God Save the Queen\" is official (see Australia); however, the island does not recognize \"Advance Australia Fair\""
      }
    }
  },
  "Economy": {
    "Economy - overview": {
      "text": "Norfolk Island is suffering from a severe economic downturn. Tourism, the primary economic activity, is the main driver of economic growth. The agricultural sector has become self-sufficient in the production of beef, poultry, and eggs."
    },
    "GDP (purchasing power parity)": {
      "text": "$NA"
    },
    "Agriculture - products": {
      "text": "Norfolk Island pine seed, Kentia palm seed, cereals, vegetables, fruit; cattle, poultry"
    },
    "Industries": {
      "text": "tourism, light industry, ready mixed concrete"
    },
    "Labor force": {
      "text": "978 (2006)"
    },
    "Labor force - by occupation": {
      "agriculture": {
        "text": "6%"
      },
      "industry": {
        "text": "14%"
      },
      "services": {
        "text": "80% (2006 est.)"
      }
    },
    "Budget": {
      "revenues": {
        "text": "$4.6 million"
      },
      "expenditures": {
        "text": "$4.8 million (FY99/00)"
      }
    },
    "Fiscal year": {
      "text": "1 July - 30 June"
    },
    "Exports": {
      "text": "$NA"
    },
    "Exports - commodities": {
      "text": "postage stamps, seeds of the Norfolk Island pine and Kentia palm, small quantities of avocados"
    },
    "Imports": {
      "text": "$NA"
    },
    "Imports - commodities": {
      "text": "NA"
    },
    "Debt - external": {
      "text": "$NA"
    },
    "Exchange rates": {
      "text": "Australian dollars (AUD) per US dollar - ++ 1.352 (2016 est.) ++ 1.3291 (2015 est.) ++ 1.3291 (2013) ++ 1.0358 (2013) ++ 0.97 (2012)"
    }
  },
  "Communications": {
    "Telephone system": {
      "general assessment": {
        "text": "adequate"
      },
      "domestic": {
        "text": "free local calls"
      },
      "international": {
        "text": "country code - 672; submarine cable links with Australia and New Zealand; satellite earth station - 1"
      }
    },
    "Broadcast media": {
      "text": "1 local radio station; broadcasts of several Australian radio and TV stations available via satellite (2009)"
    },
    "Internet country code": {
      "text": ".nf"
    },
    "Internet users": {
      "total": {
        "text": "765"
      },
      "percent of population": {
        "text": "34.6% (July 2015 est.)"
      }
    }
  },
  "Transportation": {
    "Airports": {
      "text": "1 (2013)"
    },
    "Airports - with paved runways": {
      "total": {
        "text": "1"
      },
      "1,524 to 2,437 m": {
        "text": "1 (2013)"
      }
    },
    "Roadways": {
      "total": {
        "text": "80 km"
      },
      "paved": {
        "text": "53 km"
      },
      "unpaved": {
        "text": "27 km (2008)"
      }
    },
    "Ports and terminals": {
      "major seaport(s)": {
        "text": "Kingston"
      }
    }
  },
  "Military and Security": {
    "Military - note": {
      "text": "defense is the responsibility of Australia"
    }
  },
  "Transnational Issues": {
    "Disputes - international": {
      "text": "none"
    }
  }
}